Actual,Predicted
-50,-14.3267675169
-2147483648,-2147483623
-2147483648,-2147483623
28,10.8111573646
-2147483648,-2147483623
20,14.9328103794
-15,-9.66555304322
20,3.0441674877